,passenger_id,survived,pclass,sex,age,sibsp,parch,fare,embarked,class,deck,embark_town,alone
0,0,0,3,male,22.0,1,0,7.25,S,Third,,Southampton,0
1,1,1,1,female,38.0,1,0,71.2833,C,First,C,Cherbourg,0
2,2,1,3,female,26.0,0,0,7.925,S,Third,,Southampton,1
3,3,1,1,female,35.0,1,0,53.1,S,First,C,Southampton,0
4,4,0,3,male,35.0,0,0,8.05,S,Third,,Southampton,1
5,5,0,3,male,,0,0,8.4583,Q,Third,,Queenstown,1
6,6,0,1,male,54.0,0,0,51.8625,S,First,E,Southampton,1
7,7,0,3,male,2.0,3,1,21.075,S,Third,,Southampton,0
8,8,1,3,female,27.0,0,2,11.1333,S,Third,,Southampton,0
9,9,1,2,female,14.0,1,0,30.0708,C,Second,,Cherbourg,0
10,10,1,3,female,4.0,1,1,16.7,S,Third,G,Southampton,0
11,11,1,1,female,58.0,0,0,26.55,S,First,C,Southampton,1
12,12,0,3,male,20.0,0,0,8.05,S,Third,,Southampton,1
13,13,0,3,male,39.0,1,5,31.275,S,Third,,Southampton,0
14,14,0,3,female,14.0,0,0,7.8542,S,Third,,Southampton,1
15,15,1,2,female,55.0,0,0,16.0,S,Second,,Southampton,1
16,16,0,3,male,2.0,4,1,29.125,Q,Third,,Queenstown,0
17,17,1,2,male,,0,0,13.0,S,Second,,Southampton,1
18,18,0,3,female,31.0,1,0,18.0,S,Third,,Southampton,0
19,19,1,3,female,,0,0,7.225,C,Third,,Cherbourg,1
20,20,0,2,male,35.0,0,0,26.0,S,Second,,Southampton,1
21,21,1,2,male,34.0,0,0,13.0,S,Second,D,Southampton,1
22,22,1,3,female,15.0,0,0,8.0292,Q,Third,,Queenstown,1
23,23,1,1,male,28.0,0,0,35.5,S,First,A,Southampton,1
24,24,0,3,female,8.0,3,1,21.075,S,Third,,Southampton,0
25,25,1,3,female,38.0,1,5,31.3875,S,Third,,Southampton,0
26,26,0,3,male,,0,0,7.225,C,Third,,Cherbourg,1
27,27,0,1,male,19.0,3,2,263.0,S,First,C,Southampton,0
28,28,1,3,female,,0,0,7.8792,Q,Third,,Queenstown,1
29,29,0,3,male,,0,0,7.8958,S,Third,,Southampton,1
30,30,0,1,male,40.0,0,0,27.7208,C,First,,Cherbourg,1
31,31,1,1,female,,1,0,146.5208,C,First,B,Cherbourg,0
32,32,1,3,female,,0,0,7.75,Q,Third,,Queenstown,1
33,33,0,2,male,66.0,0,0,10.5,S,Second,,Southampton,1
34,34,0,1,male,28.0,1,0,82.1708,C,First,,Cherbourg,0
35,35,0,1,male,42.0,1,0,52.0,S,First,,Southampton,0
36,36,1,3,male,,0,0,7.2292,C,Third,,Cherbourg,1
37,37,0,3,male,21.0,0,0,8.05,S,Third,,Southampton,1
38,38,0,3,female,18.0,2,0,18.0,S,Third,,Southampton,0
39,39,1,3,female,14.0,1,0,11.2417,C,Third,,Cherbourg,0
40,40,0,3,female,40.0,1,0,9.475,S,Third,,Southampton,0
41,41,0,2,female,27.0,1,0,21.0,S,Second,,Southampton,0
42,42,0,3,male,,0,0,7.8958,C,Third,,Cherbourg,1
43,43,1,2,female,3.0,1,2,41.5792,C,Second,,Cherbourg,0
44,44,1,3,female,19.0,0,0,7.8792,Q,Third,,Queenstown,1
45,45,0,3,male,,0,0,8.05,S,Third,,Southampton,1
46,46,0,3,male,,1,0,15.5,Q,Third,,Queenstown,0
47,47,1,3,female,,0,0,7.75,Q,Third,,Queenstown,1
48,48,0,3,male,,2,0,21.6792,C,Third,,Cherbourg,0
49,49,0,3,female,18.0,1,0,17.8,S,Third,,Southampton,0
50,50,0,3,male,7.0,4,1,39.6875,S,Third,,Southampton,0
51,51,0,3,male,21.0,0,0,7.8,S,Third,,Southampton,1
52,52,1,1,female,49.0,1,0,76.7292,C,First,D,Cherbourg,0
53,53,1,2,female,29.0,1,0,26.0,S,Second,,Southampton,0
54,54,0,1,male,65.0,0,1,61.9792,C,First,B,Cherbourg,0
55,55,1,1,male,,0,0,35.5,S,First,C,Southampton,1
56,56,1,2,female,21.0,0,0,10.5,S,Second,,Southampton,1
57,57,0,3,male,28.5,0,0,7.2292,C,Third,,Cherbourg,1
58,58,1,2,female,5.0,1,2,27.75,S,Second,,Southampton,0
59,59,0,3,male,11.0,5,2,46.9,S,Third,,Southampton,0
60,60,0,3,male,22.0,0,0,7.2292,C,Third,,Cherbourg,1
61,61,1,1,female,38.0,0,0,80.0,,First,B,,1
62,62,0,1,male,45.0,1,0,83.475,S,First,C,Southampton,0
63,63,0,3,male,4.0,3,2,27.9,S,Third,,Southampton,0
64,64,0,1,male,,0,0,27.7208,C,First,,Cherbourg,1
65,65,1,3,male,,1,1,15.2458,C,Third,,Cherbourg,0
66,66,1,2,female,29.0,0,0,10.5,S,Second,F,Southampton,1
67,67,0,3,male,19.0,0,0,8.1583,S,Third,,Southampton,1
68,68,1,3,female,17.0,4,2,7.925,S,Third,,Southampton,0
69,69,0,3,male,26.0,2,0,8.6625,S,Third,,Southampton,0
70,70,0,2,male,32.0,0,0,10.5,S,Second,,Southampton,1
71,71,0,3,female,16.0,5,2,46.9,S,Third,,Southampton,0
72,72,0,2,male,21.0,0,0,73.5,S,Second,,Southampton,1
73,73,0,3,male,26.0,1,0,14.4542,C,Third,,Cherbourg,0
74,74,1,3,male,32.0,0,0,56.4958,S,Third,,Southampton,1
75,75,0,3,male,25.0,0,0,7.65,S,Third,F,Southampton,1
76,76,0,3,male,,0,0,7.8958,S,Third,,Southampton,1
77,77,0,3,male,,0,0,8.05,S,Third,,Southampton,1
78,78,1,2,male,0.83,0,2,29.0,S,Second,,Southampton,0
79,79,1,3,female,30.0,0,0,12.475,S,Third,,Southampton,1
80,80,0,3,male,22.0,0,0,9.0,S,Third,,Southampton,1
81,81,1,3,male,29.0,0,0,9.5,S,Third,,Southampton,1
82,82,1,3,female,,0,0,7.7875,Q,Third,,Queenstown,1
83,83,0,1,male,28.0,0,0,47.1,S,First,,Southampton,1
84,84,1,2,female,17.0,0,0,10.5,S,Second,,Southampton,1
85,85,1,3,female,33.0,3,0,15.85,S,Third,,Southampton,0
86,86,0,3,male,16.0,1,3,34.375,S,Third,,Southampton,0
87,87,0,3,male,,0,0,8.05,S,Third,,Southampton,1
88,88,1,1,female,23.0,3,2,263.0,S,First,C,Southampton,0
89,89,0,3,male,24.0,0,0,8.05,S,Third,,Southampton,1
90,90,0,3,male,29.0,0,0,8.05,S,Third,,Southampton,1
91,91,0,3,male,20.0,0,0,7.8542,S,Third,,Southampton,1
92,92,0,1,male,46.0,1,0,61.175,S,First,E,Southampton,0
93,93,0,3,male,26.0,1,2,20.575,S,Third,,Southampton,0
94,94,0,3,male,59.0,0,0,7.25,S,Third,,Southampton,1
95,95,0,3,male,,0,0,8.05,S,Third,,Southampton,1
96,96,0,1,male,71.0,0,0,34.6542,C,First,A,Cherbourg,1
97,97,1,1,male,23.0,0,1,63.3583,C,First,D,Cherbourg,0
98,98,1,2,female,34.0,0,1,23.0,S,Second,,Southampton,0
99,99,0,2,male,34.0,1,0,26.0,S,Second,,Southampton,0
100,100,0,3,female,28.0,0,0,7.8958,S,Third,,Southampton,1
101,101,0,3,male,,0,0,7.8958,S,Third,,Southampton,1
102,102,0,1,male,21.0,0,1,77.2875,S,First,D,Southampton,0
103,103,0,3,male,33.0,0,0,8.6542,S,Third,,Southampton,1
104,104,0,3,male,37.0,2,0,7.925,S,Third,,Southampton,0
105,105,0,3,male,28.0,0,0,7.8958,S,Third,,Southampton,1
106,106,1,3,female,21.0,0,0,7.65,S,Third,,Southampton,1
107,107,1,3,male,,0,0,7.775,S,Third,,Southampton,1
108,108,0,3,male,38.0,0,0,7.8958,S,Third,,Southampton,1
109,109,1,3,female,,1,0,24.15,Q,Third,,Queenstown,0
110,110,0,1,male,47.0,0,0,52.0,S,First,C,Southampton,1
111,111,0,3,female,14.5,1,0,14.4542,C,Third,,Cherbourg,0
112,112,0,3,male,22.0,0,0,8.05,S,Third,,Southampton,1
113,113,0,3,female,20.0,1,0,9.825,S,Third,,Southampton,0
114,114,0,3,female,17.0,0,0,14.4583,C,Third,,Cherbourg,1
115,115,0,3,male,21.0,0,0,7.925,S,Third,,Southampton,1
116,116,0,3,male,70.5,0,0,7.75,Q,Third,,Queenstown,1
117,117,0,2,male,29.0,1,0,21.0,S,Second,,Southampton,0
118,118,0,1,male,24.0,0,1,247.5208,C,First,B,Cherbourg,0
119,119,0,3,female,2.0,4,2,31.275,S,Third,,Southampton,0
120,120,0,2,male,21.0,2,0,73.5,S,Second,,Southampton,0
121,121,0,3,male,,0,0,8.05,S,Third,,Southampton,1
122,122,0,2,male,32.5,1,0,30.0708,C,Second,,Cherbourg,0
123,123,1,2,female,32.5,0,0,13.0,S,Second,E,Southampton,1
124,124,0,1,male,54.0,0,1,77.2875,S,First,D,Southampton,0
125,125,1,3,male,12.0,1,0,11.2417,C,Third,,Cherbourg,0
126,126,0,3,male,,0,0,7.75,Q,Third,,Queenstown,1
127,127,1,3,male,24.0,0,0,7.1417,S,Third,,Southampton,1
128,128,1,3,female,,1,1,22.3583,C,Third,F,Cherbourg,0
129,129,0,3,male,45.0,0,0,6.975,S,Third,,Southampton,1
130,130,0,3,male,33.0,0,0,7.8958,C,Third,,Cherbourg,1
131,131,0,3,male,20.0,0,0,7.05,S,Third,,Southampton,1
132,132,0,3,female,47.0,1,0,14.5,S,Third,,Southampton,0
133,133,1,2,female,29.0,1,0,26.0,S,Second,,Southampton,0
134,134,0,2,male,25.0,0,0,13.0,S,Second,,Southampton,1
135,135,0,2,male,23.0,0,0,15.0458,C,Second,,Cherbourg,1
136,136,1,1,female,19.0,0,2,26.2833,S,First,D,Southampton,0
137,137,0,1,male,37.0,1,0,53.1,S,First,C,Southampton,0
138,138,0,3,male,16.0,0,0,9.2167,S,Third,,Southampton,1
139,139,0,1,male,24.0,0,0,79.2,C,First,B,Cherbourg,1
140,140,0,3,female,,0,2,15.2458,C,Third,,Cherbourg,0
141,141,1,3,female,22.0,0,0,7.75,S,Third,,Southampton,1
142,142,1,3,female,24.0,1,0,15.85,S,Third,,Southampton,0
143,143,0,3,male,19.0,0,0,6.75,Q,Third,,Queenstown,1
144,144,0,2,male,18.0,0,0,11.5,S,Second,,Southampton,1
145,145,0,2,male,19.0,1,1,36.75,S,Second,,Southampton,0
146,146,1,3,male,27.0,0,0,7.7958,S,Third,,Southampton,1
147,147,0,3,female,9.0,2,2,34.375,S,Third,,Southampton,0
148,148,0,2,male,36.5,0,2,26.0,S,Second,F,Southampton,0
149,149,0,2,male,42.0,0,0,13.0,S,Second,,Southampton,1
150,150,0,2,male,51.0,0,0,12.525,S,Second,,Southampton,1
151,151,1,1,female,22.0,1,0,66.6,S,First,C,Southampton,0
152,152,0,3,male,55.5,0,0,8.05,S,Third,,Southampton,1
153,153,0,3,male,40.5,0,2,14.5,S,Third,,Southampton,0
154,154,0,3,male,,0,0,7.3125,S,Third,,Southampton,1
155,155,0,1,male,51.0,0,1,61.3792,C,First,,Cherbourg,0
156,156,1,3,female,16.0,0,0,7.7333,Q,Third,,Queenstown,1
157,157,0,3,male,30.0,0,0,8.05,S,Third,,Southampton,1
158,158,0,3,male,,0,0,8.6625,S,Third,,Southampton,1
159,159,0,3,male,,8,2,69.55,S,Third,,Southampton,0
160,160,0,3,male,44.0,0,1,16.1,S,Third,,Southampton,0
161,161,1,2,female,40.0,0,0,15.75,S,Second,,Southampton,1
162,162,0,3,male,26.0,0,0,7.775,S,Third,,Southampton,1
163,163,0,3,male,17.0,0,0,8.6625,S,Third,,Southampton,1
164,164,0,3,male,1.0,4,1,39.6875,S,Third,,Southampton,0
165,165,1,3,male,9.0,0,2,20.525,S,Third,,Southampton,0
166,166,1,1,female,,0,1,55.0,S,First,E,Southampton,0
167,167,0,3,female,45.0,1,4,27.9,S,Third,,Southampton,0
168,168,0,1,male,,0,0,25.925,S,First,,Southampton,1
169,169,0,3,male,28.0,0,0,56.4958,S,Third,,Southampton,1
170,170,0,1,male,61.0,0,0,33.5,S,First,B,Southampton,1
171,171,0,3,male,4.0,4,1,29.125,Q,Third,,Queenstown,0
172,172,1,3,female,1.0,1,1,11.1333,S,Third,,Southampton,0
173,173,0,3,male,21.0,0,0,7.925,S,Third,,Southampton,1
174,174,0,1,male,56.0,0,0,30.6958,C,First,A,Cherbourg,1
175,175,0,3,male,18.0,1,1,7.8542,S,Third,,Southampton,0
176,176,0,3,male,,3,1,25.4667,S,Third,,Southampton,0
177,177,0,1,female,50.0,0,0,28.7125,C,First,C,Cherbourg,1
178,178,0,2,male,30.0,0,0,13.0,S,Second,,Southampton,1
179,179,0,3,male,36.0,0,0,0.0,S,Third,,Southampton,1
180,180,0,3,female,,8,2,69.55,S,Third,,Southampton,0
181,181,0,2,male,,0,0,15.05,C,Second,,Cherbourg,1
182,182,0,3,male,9.0,4,2,31.3875,S,Third,,Southampton,0
183,183,1,2,male,1.0,2,1,39.0,S,Second,F,Southampton,0
184,184,1,3,female,4.0,0,2,22.025,S,Third,,Southampton,0
185,185,0,1,male,,0,0,50.0,S,First,A,Southampton,1
186,186,1,3,female,,1,0,15.5,Q,Third,,Queenstown,0
187,187,1,1,male,45.0,0,0,26.55,S,First,,Southampton,1
188,188,0,3,male,40.0,1,1,15.5,Q,Third,,Queenstown,0
189,189,0,3,male,36.0,0,0,7.8958,S,Third,,Southampton,1
190,190,1,2,female,32.0,0,0,13.0,S,Second,,Southampton,1
191,191,0,2,male,19.0,0,0,13.0,S,Second,,Southampton,1
192,192,1,3,female,19.0,1,0,7.8542,S,Third,,Southampton,0
193,193,1,2,male,3.0,1,1,26.0,S,Second,F,Southampton,0
194,194,1,1,female,44.0,0,0,27.7208,C,First,B,Cherbourg,1
195,195,1,1,female,58.0,0,0,146.5208,C,First,B,Cherbourg,1
196,196,0,3,male,,0,0,7.75,Q,Third,,Queenstown,1
197,197,0,3,male,42.0,0,1,8.4042,S,Third,,Southampton,0
198,198,1,3,female,,0,0,7.75,Q,Third,,Queenstown,1
199,199,0,2,female,24.0,0,0,13.0,S,Second,,Southampton,1
200,200,0,3,male,28.0,0,0,9.5,S,Third,,Southampton,1
201,201,0,3,male,,8,2,69.55,S,Third,,Southampton,0
202,202,0,3,male,34.0,0,0,6.4958,S,Third,,Southampton,1
203,203,0,3,male,45.5,0,0,7.225,C,Third,,Cherbourg,1
204,204,1,3,male,18.0,0,0,8.05,S,Third,,Southampton,1
205,205,0,3,female,2.0,0,1,10.4625,S,Third,G,Southampton,0
206,206,0,3,male,32.0,1,0,15.85,S,Third,,Southampton,0
207,207,1,3,male,26.0,0,0,18.7875,C,Third,,Cherbourg,1
208,208,1,3,female,16.0,0,0,7.75,Q,Third,,Queenstown,1
209,209,1,1,male,40.0,0,0,31.0,C,First,A,Cherbourg,1
210,210,0,3,male,24.0,0,0,7.05,S,Third,,Southampton,1
211,211,1,2,female,35.0,0,0,21.0,S,Second,,Southampton,1
212,212,0,3,male,22.0,0,0,7.25,S,Third,,Southampton,1
213,213,0,2,male,30.0,0,0,13.0,S,Second,,Southampton,1
214,214,0,3,male,,1,0,7.75,Q,Third,,Queenstown,0
215,215,1,1,female,31.0,1,0,113.275,C,First,D,Cherbourg,0
216,216,1,3,female,27.0,0,0,7.925,S,Third,,Southampton,1
217,217,0,2,male,42.0,1,0,27.0,S,Second,,Southampton,0
218,218,1,1,female,32.0,0,0,76.2917,C,First,D,Cherbourg,1
219,219,0,2,male,30.0,0,0,10.5,S,Second,,Southampton,1
220,220,1,3,male,16.0,0,0,8.05,S,Third,,Southampton,1
221,221,0,2,male,27.0,0,0,13.0,S,Second,,Southampton,1
222,222,0,3,male,51.0,0,0,8.05,S,Third,,Southampton,1
223,223,0,3,male,,0,0,7.8958,S,Third,,Southampton,1
224,224,1,1,male,38.0,1,0,90.0,S,First,C,Southampton,0
225,225,0,3,male,22.0,0,0,9.35,S,Third,,Southampton,1
226,226,1,2,male,19.0,0,0,10.5,S,Second,,Southampton,1
227,227,0,3,male,20.5,0,0,7.25,S,Third,,Southampton,1
228,228,0,2,male,18.0,0,0,13.0,S,Second,,Southampton,1
229,229,0,3,female,,3,1,25.4667,S,Third,,Southampton,0
230,230,1,1,female,35.0,1,0,83.475,S,First,C,Southampton,0
231,231,0,3,male,29.0,0,0,7.775,S,Third,,Southampton,1
232,232,0,2,male,59.0,0,0,13.5,S,Second,,Southampton,1
233,233,1,3,female,5.0,4,2,31.3875,S,Third,,Southampton,0
234,234,0,2,male,24.0,0,0,10.5,S,Second,,Southampton,1
235,235,0,3,female,,0,0,7.55,S,Third,,Southampton,1
236,236,0,2,male,44.0,1,0,26.0,S,Second,,Southampton,0
237,237,1,2,female,8.0,0,2,26.25,S,Second,,Southampton,0
238,238,0,2,male,19.0,0,0,10.5,S,Second,,Southampton,1
239,239,0,2,male,33.0,0,0,12.275,S,Second,,Southampton,1
240,240,0,3,female,,1,0,14.4542,C,Third,,Cherbourg,0
241,241,1,3,female,,1,0,15.5,Q,Third,,Queenstown,0
242,242,0,2,male,29.0,0,0,10.5,S,Second,,Southampton,1
243,243,0,3,male,22.0,0,0,7.125,S,Third,,Southampton,1
244,244,0,3,male,30.0,0,0,7.225,C,Third,,Cherbourg,1
245,245,0,1,male,44.0,2,0,90.0,Q,First,C,Queenstown,0
246,246,0,3,female,25.0,0,0,7.775,S,Third,,Southampton,1
247,247,1,2,female,24.0,0,2,14.5,S,Second,,Southampton,0
248,248,1,1,male,37.0,1,1,52.5542,S,First,D,Southampton,0
249,249,0,2,male,54.0,1,0,26.0,S,Second,,Southampton,0
250,250,0,3,male,,0,0,7.25,S,Third,,Southampton,1
251,251,0,3,female,29.0,1,1,10.4625,S,Third,G,Southampton,0
252,252,0,1,male,62.0,0,0,26.55,S,First,C,Southampton,1
253,253,0,3,male,30.0,1,0,16.1,S,Third,,Southampton,0
254,254,0,3,female,41.0,0,2,20.2125,S,Third,,Southampton,0
255,255,1,3,female,29.0,0,2,15.2458,C,Third,,Cherbourg,0
256,256,1,1,female,,0,0,79.2,C,First,,Cherbourg,1
257,257,1,1,female,30.0,0,0,86.5,S,First,B,Southampton,1
258,258,1,1,female,35.0,0,0,512.3292,C,First,,Cherbourg,1
259,259,1,2,female,50.0,0,1,26.0,S,Second,,Southampton,0
260,260,0,3,male,,0,0,7.75,Q,Third,,Queenstown,1
261,261,1,3,male,3.0,4,2,31.3875,S,Third,,Southampton,0
262,262,0,1,male,52.0,1,1,79.65,S,First,E,Southampton,0
263,263,0,1,male,40.0,0,0,0.0,S,First,B,Southampton,1
264,264,0,3,female,,0,0,7.75,Q,Third,,Queenstown,1
265,265,0,2,male,36.0,0,0,10.5,S,Second,,Southampton,1
266,266,0,3,male,16.0,4,1,39.6875,S,Third,,Southampton,0
267,267,1,3,male,25.0,1,0,7.775,S,Third,,Southampton,0
268,268,1,1,female,58.0,0,1,153.4625,S,First,C,Southampton,0
269,269,1,1,female,35.0,0,0,135.6333,S,First,C,Southampton,1
270,270,0,1,male,,0,0,31.0,S,First,,Southampton,1
271,271,1,3,male,25.0,0,0,0.0,S,Third,,Southampton,1
272,272,1,2,female,41.0,0,1,19.5,S,Second,,Southampton,0
273,273,0,1,male,37.0,0,1,29.7,C,First,C,Cherbourg,0
274,274,1,3,female,,0,0,7.75,Q,Third,,Queenstown,1
275,275,1,1,female,63.0,1,0,77.9583,S,First,D,Southampton,0
276,276,0,3,female,45.0,0,0,7.75,S,Third,,Southampton,1
277,277,0,2,male,,0,0,0.0,S,Second,,Southampton,1
278,278,0,3,male,7.0,4,1,29.125,Q,Third,,Queenstown,0
279,279,1,3,female,35.0,1,1,20.25,S,Third,,Southampton,0
280,280,0,3,male,65.0,0,0,7.75,Q,Third,,Queenstown,1
281,281,0,3,male,28.0,0,0,7.8542,S,Third,,Southampton,1
282,282,0,3,male,16.0,0,0,9.5,S,Third,,Southampton,1
283,283,1,3,male,19.0,0,0,8.05,S,Third,,Southampton,1
284,284,0,1,male,,0,0,26.0,S,First,A,Southampton,1
285,285,0,3,male,33.0,0,0,8.6625,C,Third,,Cherbourg,1
286,286,1,3,male,30.0,0,0,9.5,S,Third,,Southampton,1
287,287,0,3,male,22.0,0,0,7.8958,S,Third,,Southampton,1
288,288,1,2,male,42.0,0,0,13.0,S,Second,,Southampton,1
289,289,1,3,female,22.0,0,0,7.75,Q,Third,,Queenstown,1
290,290,1,1,female,26.0,0,0,78.85,S,First,,Southampton,1
291,291,1,1,female,19.0,1,0,91.0792,C,First,B,Cherbourg,0
292,292,0,2,male,36.0,0,0,12.875,C,Second,D,Cherbourg,1
293,293,0,3,female,24.0,0,0,8.85,S,Third,,Southampton,1
294,294,0,3,male,24.0,0,0,7.8958,S,Third,,Southampton,1
295,295,0,1,male,,0,0,27.7208,C,First,,Cherbourg,1
296,296,0,3,male,23.5,0,0,7.2292,C,Third,,Cherbourg,1
297,297,0,1,female,2.0,1,2,151.55,S,First,C,Southampton,0
298,298,1,1,male,,0,0,30.5,S,First,C,Southampton,1
299,299,1,1,female,50.0,0,1,247.5208,C,First,B,Cherbourg,0
300,300,1,3,female,,0,0,7.75,Q,Third,,Queenstown,1
301,301,1,3,male,,2,0,23.25,Q,Third,,Queenstown,0
302,302,0,3,male,19.0,0,0,0.0,S,Third,,Southampton,1
303,303,1,2,female,,0,0,12.35,Q,Second,E,Queenstown,1
304,304,0,3,male,,0,0,8.05,S,Third,,Southampton,1
305,305,1,1,male,0.92,1,2,151.55,S,First,C,Southampton,0
306,306,1,1,female,,0,0,110.8833,C,First,,Cherbourg,1
307,307,1,1,female,17.0,1,0,108.9,C,First,C,Cherbourg,0
308,308,0,2,male,30.0,1,0,24.0,C,Second,,Cherbourg,0
309,309,1,1,female,30.0,0,0,56.9292,C,First,E,Cherbourg,1
310,310,1,1,female,24.0,0,0,83.1583,C,First,C,Cherbourg,1
311,311,1,1,female,18.0,2,2,262.375,C,First,B,Cherbourg,0
312,312,0,2,female,26.0,1,1,26.0,S,Second,,Southampton,0
313,313,0,3,male,28.0,0,0,7.8958,S,Third,,Southampton,1
314,314,0,2,male,43.0,1,1,26.25,S,Second,,Southampton,0
315,315,1,3,female,26.0,0,0,7.8542,S,Third,,Southampton,1
316,316,1,2,female,24.0,1,0,26.0,S,Second,,Southampton,0
317,317,0,2,male,54.0,0,0,14.0,S,Second,,Southampton,1
318,318,1,1,female,31.0,0,2,164.8667,S,First,C,Southampton,0
319,319,1,1,female,40.0,1,1,134.5,C,First,E,Cherbourg,0
320,320,0,3,male,22.0,0,0,7.25,S,Third,,Southampton,1
321,321,0,3,male,27.0,0,0,7.8958,S,Third,,Southampton,1
322,322,1,2,female,30.0,0,0,12.35,Q,Second,,Queenstown,1
323,323,1,2,female,22.0,1,1,29.0,S,Second,,Southampton,0
324,324,0,3,male,,8,2,69.55,S,Third,,Southampton,0
325,325,1,1,female,36.0,0,0,135.6333,C,First,C,Cherbourg,1
326,326,0,3,male,61.0,0,0,6.2375,S,Third,,Southampton,1
327,327,1,2,female,36.0,0,0,13.0,S,Second,D,Southampton,1
328,328,1,3,female,31.0,1,1,20.525,S,Third,,Southampton,0
329,329,1,1,female,16.0,0,1,57.9792,C,First,B,Cherbourg,0
330,330,1,3,female,,2,0,23.25,Q,Third,,Queenstown,0
331,331,0,1,male,45.5,0,0,28.5,S,First,C,Southampton,1
332,332,0,1,male,38.0,0,1,153.4625,S,First,C,Southampton,0
333,333,0,3,male,16.0,2,0,18.0,S,Third,,Southampton,0
334,334,1,1,female,,1,0,133.65,S,First,,Southampton,0
335,335,0,3,male,,0,0,7.8958,S,Third,,Southampton,1
336,336,0,1,male,29.0,1,0,66.6,S,First,C,Southampton,0
337,337,1,1,female,41.0,0,0,134.5,C,First,E,Cherbourg,1
338,338,1,3,male,45.0,0,0,8.05,S,Third,,Southampton,1
339,339,0,1,male,45.0,0,0,35.5,S,First,,Southampton,1
340,340,1,2,male,2.0,1,1,26.0,S,Second,F,Southampton,0
341,341,1,1,female,24.0,3,2,263.0,S,First,C,Southampton,0
342,342,0,2,male,28.0,0,0,13.0,S,Second,,Southampton,1
343,343,0,2,male,25.0,0,0,13.0,S,Second,,Southampton,1
344,344,0,2,male,36.0,0,0,13.0,S,Second,,Southampton,1
345,345,1,2,female,24.0,0,0,13.0,S,Second,F,Southampton,1
346,346,1,2,female,40.0,0,0,13.0,S,Second,,Southampton,1
347,347,1,3,female,,1,0,16.1,S,Third,,Southampton,0
348,348,1,3,male,3.0,1,1,15.9,S,Third,,Southampton,0
349,349,0,3,male,42.0,0,0,8.6625,S,Third,,Southampton,1
350,350,0,3,male,23.0,0,0,9.225,S,Third,,Southampton,1
351,351,0,1,male,,0,0,35.0,S,First,C,Southampton,1
352,352,0,3,male,15.0,1,1,7.2292,C,Third,,Cherbourg,0
353,353,0,3,male,25.0,1,0,17.8,S,Third,,Southampton,0
354,354,0,3,male,,0,0,7.225,C,Third,,Cherbourg,1
355,355,0,3,male,28.0,0,0,9.5,S,Third,,Southampton,1
356,356,1,1,female,22.0,0,1,55.0,S,First,E,Southampton,0
357,357,0,2,female,38.0,0,0,13.0,S,Second,,Southampton,1
358,358,1,3,female,,0,0,7.8792,Q,Third,,Queenstown,1
359,359,1,3,female,,0,0,7.8792,Q,Third,,Queenstown,1
360,360,0,3,male,40.0,1,4,27.9,S,Third,,Southampton,0
361,361,0,2,male,29.0,1,0,27.7208,C,Second,,Cherbourg,0
362,362,0,3,female,45.0,0,1,14.4542,C,Third,,Cherbourg,0
363,363,0,3,male,35.0,0,0,7.05,S,Third,,Southampton,1
364,364,0,3,male,,1,0,15.5,Q,Third,,Queenstown,0
365,365,0,3,male,30.0,0,0,7.25,S,Third,,Southampton,1
366,366,1,1,female,60.0,1,0,75.25,C,First,D,Cherbourg,0
367,367,1,3,female,,0,0,7.2292,C,Third,,Cherbourg,1
368,368,1,3,female,,0,0,7.75,Q,Third,,Queenstown,1
369,369,1,1,female,24.0,0,0,69.3,C,First,B,Cherbourg,1
370,370,1,1,male,25.0,1,0,55.4417,C,First,E,Cherbourg,0
371,371,0,3,male,18.0,1,0,6.4958,S,Third,,Southampton,0
372,372,0,3,male,19.0,0,0,8.05,S,Third,,Southampton,1
373,373,0,1,male,22.0,0,0,135.6333,C,First,,Cherbourg,1
374,374,0,3,female,3.0,3,1,21.075,S,Third,,Southampton,0
375,375,1,1,female,,1,0,82.1708,C,First,,Cherbourg,0
376,376,1,3,female,22.0,0,0,7.25,S,Third,,Southampton,1
377,377,0,1,male,27.0,0,2,211.5,C,First,C,Cherbourg,0
378,378,0,3,male,20.0,0,0,4.0125,C,Third,,Cherbourg,1
379,379,0,3,male,19.0,0,0,7.775,S,Third,,Southampton,1
380,380,1,1,female,42.0,0,0,227.525,C,First,,Cherbourg,1
381,381,1,3,female,1.0,0,2,15.7417,C,Third,,Cherbourg,0
382,382,0,3,male,32.0,0,0,7.925,S,Third,,Southampton,1
383,383,1,1,female,35.0,1,0,52.0,S,First,,Southampton,0
384,384,0,3,male,,0,0,7.8958,S,Third,,Southampton,1
385,385,0,2,male,18.0,0,0,73.5,S,Second,,Southampton,1
386,386,0,3,male,1.0,5,2,46.9,S,Third,,Southampton,0
387,387,1,2,female,36.0,0,0,13.0,S,Second,,Southampton,1
388,388,0,3,male,,0,0,7.7292,Q,Third,,Queenstown,1
389,389,1,2,female,17.0,0,0,12.0,C,Second,,Cherbourg,1
390,390,1,1,male,36.0,1,2,120.0,S,First,B,Southampton,0
391,391,1,3,male,21.0,0,0,7.7958,S,Third,,Southampton,1
392,392,0,3,male,28.0,2,0,7.925,S,Third,,Southampton,0
393,393,1,1,female,23.0,1,0,113.275,C,First,D,Cherbourg,0
394,394,1,3,female,24.0,0,2,16.7,S,Third,G,Southampton,0
395,395,0,3,male,22.0,0,0,7.7958,S,Third,,Southampton,1
396,396,0,3,female,31.0,0,0,7.8542,S,Third,,Southampton,1
397,397,0,2,male,46.0,0,0,26.0,S,Second,,Southampton,1
398,398,0,2,male,23.0,0,0,10.5,S,Second,,Southampton,1
399,399,1,2,female,28.0,0,0,12.65,S,Second,,Southampton,1
400,400,1,3,male,39.0,0,0,7.925,S,Third,,Southampton,1
401,401,0,3,male,26.0,0,0,8.05,S,Third,,Southampton,1
402,402,0,3,female,21.0,1,0,9.825,S,Third,,Southampton,0
403,403,0,3,male,28.0,1,0,15.85,S,Third,,Southampton,0
404,404,0,3,female,20.0,0,0,8.6625,S,Third,,Southampton,1
405,405,0,2,male,34.0,1,0,21.0,S,Second,,Southampton,0
406,406,0,3,male,51.0,0,0,7.75,S,Third,,Southampton,1
407,407,1,2,male,3.0,1,1,18.75,S,Second,,Southampton,0
408,408,0,3,male,21.0,0,0,7.775,S,Third,,Southampton,1
409,409,0,3,female,,3,1,25.4667,S,Third,,Southampton,0
410,410,0,3,male,,0,0,7.8958,S,Third,,Southampton,1
411,411,0,3,male,,0,0,6.8583,Q,Third,,Queenstown,1
412,412,1,1,female,33.0,1,0,90.0,Q,First,C,Queenstown,0
413,413,0,2,male,,0,0,0.0,S,Second,,Southampton,1
414,414,1,3,male,44.0,0,0,7.925,S,Third,,Southampton,1
415,415,0,3,female,,0,0,8.05,S,Third,,Southampton,1
416,416,1,2,female,34.0,1,1,32.5,S,Second,,Southampton,0
417,417,1,2,female,18.0,0,2,13.0,S,Second,,Southampton,0
418,418,0,2,male,30.0,0,0,13.0,S,Second,,Southampton,1
419,419,0,3,female,10.0,0,2,24.15,S,Third,,Southampton,0
420,420,0,3,male,,0,0,7.8958,C,Third,,Cherbourg,1
421,421,0,3,male,21.0,0,0,7.7333,Q,Third,,Queenstown,1
422,422,0,3,male,29.0,0,0,7.875,S,Third,,Southampton,1
423,423,0,3,female,28.0,1,1,14.4,S,Third,,Southampton,0
424,424,0,3,male,18.0,1,1,20.2125,S,Third,,Southampton,0
425,425,0,3,male,,0,0,7.25,S,Third,,Southampton,1
426,426,1,2,female,28.0,1,0,26.0,S,Second,,Southampton,0
427,427,1,2,female,19.0,0,0,26.0,S,Second,,Southampton,1
428,428,0,3,male,,0,0,7.75,Q,Third,,Queenstown,1
429,429,1,3,male,32.0,0,0,8.05,S,Third,E,Southampton,1
430,430,1,1,male,28.0,0,0,26.55,S,First,C,Southampton,1
431,431,1,3,female,,1,0,16.1,S,Third,,Southampton,0
432,432,1,2,female,42.0,1,0,26.0,S,Second,,Southampton,0
433,433,0,3,male,17.0,0,0,7.125,S,Third,,Southampton,1
434,434,0,1,male,50.0,1,0,55.9,S,First,E,Southampton,0
435,435,1,1,female,14.0,1,2,120.0,S,First,B,Southampton,0
436,436,0,3,female,21.0,2,2,34.375,S,Third,,Southampton,0
437,437,1,2,female,24.0,2,3,18.75,S,Second,,Southampton,0
438,438,0,1,male,64.0,1,4,263.0,S,First,C,Southampton,0
439,439,0,2,male,31.0,0,0,10.5,S,Second,,Southampton,1
440,440,1,2,female,45.0,1,1,26.25,S,Second,,Southampton,0
441,441,0,3,male,20.0,0,0,9.5,S,Third,,Southampton,1
442,442,0,3,male,25.0,1,0,7.775,S,Third,,Southampton,0
443,443,1,2,female,28.0,0,0,13.0,S,Second,,Southampton,1
444,444,1,3,male,,0,0,8.1125,S,Third,,Southampton,1
445,445,1,1,male,4.0,0,2,81.8583,S,First,A,Southampton,0
446,446,1,2,female,13.0,0,1,19.5,S,Second,,Southampton,0
447,447,1,1,male,34.0,0,0,26.55,S,First,,Southampton,1
448,448,1,3,female,5.0,2,1,19.2583,C,Third,,Cherbourg,0
449,449,1,1,male,52.0,0,0,30.5,S,First,C,Southampton,1
450,450,0,2,male,36.0,1,2,27.75,S,Second,,Southampton,0
451,451,0,3,male,,1,0,19.9667,S,Third,,Southampton,0
452,452,0,1,male,30.0,0,0,27.75,C,First,C,Cherbourg,1
453,453,1,1,male,49.0,1,0,89.1042,C,First,C,Cherbourg,0
454,454,0,3,male,,0,0,8.05,S,Third,,Southampton,1
455,455,1,3,male,29.0,0,0,7.8958,C,Third,,Cherbourg,1
456,456,0,1,male,65.0,0,0,26.55,S,First,E,Southampton,1
457,457,1,1,female,,1,0,51.8625,S,First,D,Southampton,0
458,458,1,2,female,50.0,0,0,10.5,S,Second,,Southampton,1
459,459,0,3,male,,0,0,7.75,Q,Third,,Queenstown,1
460,460,1,1,male,48.0,0,0,26.55,S,First,E,Southampton,1
461,461,0,3,male,34.0,0,0,8.05,S,Third,,Southampton,1
462,462,0,1,male,47.0,0,0,38.5,S,First,E,Southampton,1
463,463,0,2,male,48.0,0,0,13.0,S,Second,,Southampton,1
464,464,0,3,male,,0,0,8.05,S,Third,,Southampton,1
465,465,0,3,male,38.0,0,0,7.05,S,Third,,Southampton,1
466,466,0,2,male,,0,0,0.0,S,Second,,Southampton,1
467,467,0,1,male,56.0,0,0,26.55,S,First,,Southampton,1
468,468,0,3,male,,0,0,7.725,Q,Third,,Queenstown,1
469,469,1,3,female,0.75,2,1,19.2583,C,Third,,Cherbourg,0
470,470,0,3,male,,0,0,7.25,S,Third,,Southampton,1
471,471,0,3,male,38.0,0,0,8.6625,S,Third,,Southampton,1
472,472,1,2,female,33.0,1,2,27.75,S,Second,,Southampton,0
473,473,1,2,female,23.0,0,0,13.7917,C,Second,D,Cherbourg,1
474,474,0,3,female,22.0,0,0,9.8375,S,Third,,Southampton,1
475,475,0,1,male,,0,0,52.0,S,First,A,Southampton,1
476,476,0,2,male,34.0,1,0,21.0,S,Second,,Southampton,0
477,477,0,3,male,29.0,1,0,7.0458,S,Third,,Southampton,0
478,478,0,3,male,22.0,0,0,7.5208,S,Third,,Southampton,1
479,479,1,3,female,2.0,0,1,12.2875,S,Third,,Southampton,0
480,480,0,3,male,9.0,5,2,46.9,S,Third,,Southampton,0
481,481,0,2,male,,0,0,0.0,S,Second,,Southampton,1
482,482,0,3,male,50.0,0,0,8.05,S,Third,,Southampton,1
483,483,1,3,female,63.0,0,0,9.5875,S,Third,,Southampton,1
484,484,1,1,male,25.0,1,0,91.0792,C,First,B,Cherbourg,0
485,485,0,3,female,,3,1,25.4667,S,Third,,Southampton,0
486,486,1,1,female,35.0,1,0,90.0,S,First,C,Southampton,0
487,487,0,1,male,58.0,0,0,29.7,C,First,B,Cherbourg,1
488,488,0,3,male,30.0,0,0,8.05,S,Third,,Southampton,1
489,489,1,3,male,9.0,1,1,15.9,S,Third,,Southampton,0
490,490,0,3,male,,1,0,19.9667,S,Third,,Southampton,0
491,491,0,3,male,21.0,0,0,7.25,S,Third,,Southampton,1
492,492,0,1,male,55.0,0,0,30.5,S,First,C,Southampton,1
493,493,0,1,male,71.0,0,0,49.5042,C,First,,Cherbourg,1
494,494,0,3,male,21.0,0,0,8.05,S,Third,,Southampton,1
495,495,0,3,male,,0,0,14.4583,C,Third,,Cherbourg,1
496,496,1,1,female,54.0,1,0,78.2667,C,First,D,Cherbourg,0
497,497,0,3,male,,0,0,15.1,S,Third,,Southampton,1
498,498,0,1,female,25.0,1,2,151.55,S,First,C,Southampton,0
499,499,0,3,male,24.0,0,0,7.7958,S,Third,,Southampton,1
500,500,0,3,male,17.0,0,0,8.6625,S,Third,,Southampton,1
501,501,0,3,female,21.0,0,0,7.75,Q,Third,,Queenstown,1
502,502,0,3,female,,0,0,7.6292,Q,Third,,Queenstown,1
503,503,0,3,female,37.0,0,0,9.5875,S,Third,,Southampton,1
504,504,1,1,female,16.0,0,0,86.5,S,First,B,Southampton,1
505,505,0,1,male,18.0,1,0,108.9,C,First,C,Cherbourg,0
506,506,1,2,female,33.0,0,2,26.0,S,Second,,Southampton,0
507,507,1,1,male,,0,0,26.55,S,First,,Southampton,1
508,508,0,3,male,28.0,0,0,22.525,S,Third,,Southampton,1
509,509,1,3,male,26.0,0,0,56.4958,S,Third,,Southampton,1
510,510,1,3,male,29.0,0,0,7.75,Q,Third,,Queenstown,1
511,511,0,3,male,,0,0,8.05,S,Third,,Southampton,1
512,512,1,1,male,36.0,0,0,26.2875,S,First,E,Southampton,1
513,513,1,1,female,54.0,1,0,59.4,C,First,,Cherbourg,0
514,514,0,3,male,24.0,0,0,7.4958,S,Third,,Southampton,1
515,515,0,1,male,47.0,0,0,34.0208,S,First,D,Southampton,1
516,516,1,2,female,34.0,0,0,10.5,S,Second,F,Southampton,1
517,517,0,3,male,,0,0,24.15,Q,Third,,Queenstown,1
518,518,1,2,female,36.0,1,0,26.0,S,Second,,Southampton,0
519,519,0,3,male,32.0,0,0,7.8958,S,Third,,Southampton,1
520,520,1,1,female,30.0,0,0,93.5,S,First,B,Southampton,1
521,521,0,3,male,22.0,0,0,7.8958,S,Third,,Southampton,1
522,522,0,3,male,,0,0,7.225,C,Third,,Cherbourg,1
523,523,1,1,female,44.0,0,1,57.9792,C,First,B,Cherbourg,0
524,524,0,3,male,,0,0,7.2292,C,Third,,Cherbourg,1
525,525,0,3,male,40.5,0,0,7.75,Q,Third,,Queenstown,1
526,526,1,2,female,50.0,0,0,10.5,S,Second,,Southampton,1
527,527,0,1,male,,0,0,221.7792,S,First,C,Southampton,1
528,528,0,3,male,39.0,0,0,7.925,S,Third,,Southampton,1
529,529,0,2,male,23.0,2,1,11.5,S,Second,,Southampton,0
530,530,1,2,female,2.0,1,1,26.0,S,Second,,Southampton,0
531,531,0,3,male,,0,0,7.2292,C,Third,,Cherbourg,1
532,532,0,3,male,17.0,1,1,7.2292,C,Third,,Cherbourg,0
533,533,1,3,female,,0,2,22.3583,C,Third,,Cherbourg,0
534,534,0,3,female,30.0,0,0,8.6625,S,Third,,Southampton,1
535,535,1,2,female,7.0,0,2,26.25,S,Second,,Southampton,0
536,536,0,1,male,45.0,0,0,26.55,S,First,B,Southampton,1
537,537,1,1,female,30.0,0,0,106.425,C,First,,Cherbourg,1
538,538,0,3,male,,0,0,14.5,S,Third,,Southampton,1
539,539,1,1,female,22.0,0,2,49.5,C,First,B,Cherbourg,0
540,540,1,1,female,36.0,0,2,71.0,S,First,B,Southampton,0
541,541,0,3,female,9.0,4,2,31.275,S,Third,,Southampton,0
542,542,0,3,female,11.0,4,2,31.275,S,Third,,Southampton,0
543,543,1,2,male,32.0,1,0,26.0,S,Second,,Southampton,0
544,544,0,1,male,50.0,1,0,106.425,C,First,C,Cherbourg,0
545,545,0,1,male,64.0,0,0,26.0,S,First,,Southampton,1
546,546,1,2,female,19.0,1,0,26.0,S,Second,,Southampton,0
547,547,1,2,male,,0,0,13.8625,C,Second,,Cherbourg,1
548,548,0,3,male,33.0,1,1,20.525,S,Third,,Southampton,0
549,549,1,2,male,8.0,1,1,36.75,S,Second,,Southampton,0
550,550,1,1,male,17.0,0,2,110.8833,C,First,C,Cherbourg,0
551,551,0,2,male,27.0,0,0,26.0,S,Second,,Southampton,1
552,552,0,3,male,,0,0,7.8292,Q,Third,,Queenstown,1
553,553,1,3,male,22.0,0,0,7.225,C,Third,,Cherbourg,1
554,554,1,3,female,22.0,0,0,7.775,S,Third,,Southampton,1
555,555,0,1,male,62.0,0,0,26.55,S,First,,Southampton,1
556,556,1,1,female,48.0,1,0,39.6,C,First,A,Cherbourg,0
557,557,0,1,male,,0,0,227.525,C,First,,Cherbourg,1
558,558,1,1,female,39.0,1,1,79.65,S,First,E,Southampton,0
559,559,1,3,female,36.0,1,0,17.4,S,Third,,Southampton,0
560,560,0,3,male,,0,0,7.75,Q,Third,,Queenstown,1
561,561,0,3,male,40.0,0,0,7.8958,S,Third,,Southampton,1
562,562,0,2,male,28.0,0,0,13.5,S,Second,,Southampton,1
563,563,0,3,male,,0,0,8.05,S,Third,,Southampton,1
564,564,0,3,female,,0,0,8.05,S,Third,,Southampton,1
565,565,0,3,male,24.0,2,0,24.15,S,Third,,Southampton,0
566,566,0,3,male,19.0,0,0,7.8958,S,Third,,Southampton,1
567,567,0,3,female,29.0,0,4,21.075,S,Third,,Southampton,0
568,568,0,3,male,,0,0,7.2292,C,Third,,Cherbourg,1
569,569,1,3,male,32.0,0,0,7.8542,S,Third,,Southampton,1
570,570,1,2,male,62.0,0,0,10.5,S,Second,,Southampton,1
571,571,1,1,female,53.0,2,0,51.4792,S,First,C,Southampton,0
572,572,1,1,male,36.0,0,0,26.3875,S,First,E,Southampton,1
573,573,1,3,female,,0,0,7.75,Q,Third,,Queenstown,1
574,574,0,3,male,16.0,0,0,8.05,S,Third,,Southampton,1
575,575,0,3,male,19.0,0,0,14.5,S,Third,,Southampton,1
576,576,1,2,female,34.0,0,0,13.0,S,Second,,Southampton,1
577,577,1,1,female,39.0,1,0,55.9,S,First,E,Southampton,0
578,578,0,3,female,,1,0,14.4583,C,Third,,Cherbourg,0
579,579,1,3,male,32.0,0,0,7.925,S,Third,,Southampton,1
580,580,1,2,female,25.0,1,1,30.0,S,Second,,Southampton,0
581,581,1,1,female,39.0,1,1,110.8833,C,First,C,Cherbourg,0
582,582,0,2,male,54.0,0,0,26.0,S,Second,,Southampton,1
583,583,0,1,male,36.0,0,0,40.125,C,First,A,Cherbourg,1
584,584,0,3,male,,0,0,8.7125,C,Third,,Cherbourg,1
585,585,1,1,female,18.0,0,2,79.65,S,First,E,Southampton,0
586,586,0,2,male,47.0,0,0,15.0,S,Second,,Southampton,1
587,587,1,1,male,60.0,1,1,79.2,C,First,B,Cherbourg,0
588,588,0,3,male,22.0,0,0,8.05,S,Third,,Southampton,1
589,589,0,3,male,,0,0,8.05,S,Third,,Southampton,1
590,590,0,3,male,35.0,0,0,7.125,S,Third,,Southampton,1
591,591,1,1,female,52.0,1,0,78.2667,C,First,D,Cherbourg,0
592,592,0,3,male,47.0,0,0,7.25,S,Third,,Southampton,1
593,593,0,3,female,,0,2,7.75,Q,Third,,Queenstown,0
594,594,0,2,male,37.0,1,0,26.0,S,Second,,Southampton,0
595,595,0,3,male,36.0,1,1,24.15,S,Third,,Southampton,0
596,596,1,2,female,,0,0,33.0,S,Second,,Southampton,1
597,597,0,3,male,49.0,0,0,0.0,S,Third,,Southampton,1
598,598,0,3,male,,0,0,7.225,C,Third,,Cherbourg,1
599,599,1,1,male,49.0,1,0,56.9292,C,First,A,Cherbourg,0
600,600,1,2,female,24.0,2,1,27.0,S,Second,,Southampton,0
601,601,0,3,male,,0,0,7.8958,S,Third,,Southampton,1
602,602,0,1,male,,0,0,42.4,S,First,,Southampton,1
603,603,0,3,male,44.0,0,0,8.05,S,Third,,Southampton,1
604,604,1,1,male,35.0,0,0,26.55,C,First,,Cherbourg,1
605,605,0,3,male,36.0,1,0,15.55,S,Third,,Southampton,0
606,606,0,3,male,30.0,0,0,7.8958,S,Third,,Southampton,1
607,607,1,1,male,27.0,0,0,30.5,S,First,,Southampton,1
608,608,1,2,female,22.0,1,2,41.5792,C,Second,,Cherbourg,0
609,609,1,1,female,40.0,0,0,153.4625,S,First,C,Southampton,1
610,610,0,3,female,39.0,1,5,31.275,S,Third,,Southampton,0
611,611,0,3,male,,0,0,7.05,S,Third,,Southampton,1
612,612,1,3,female,,1,0,15.5,Q,Third,,Queenstown,0
613,613,0,3,male,,0,0,7.75,Q,Third,,Queenstown,1
614,614,0,3,male,35.0,0,0,8.05,S,Third,,Southampton,1
615,615,1,2,female,24.0,1,2,65.0,S,Second,,Southampton,0
616,616,0,3,male,34.0,1,1,14.4,S,Third,,Southampton,0
617,617,0,3,female,26.0,1,0,16.1,S,Third,,Southampton,0
618,618,1,2,female,4.0,2,1,39.0,S,Second,F,Southampton,0
619,619,0,2,male,26.0,0,0,10.5,S,Second,,Southampton,1
620,620,0,3,male,27.0,1,0,14.4542,C,Third,,Cherbourg,0
621,621,1,1,male,42.0,1,0,52.5542,S,First,D,Southampton,0
622,622,1,3,male,20.0,1,1,15.7417,C,Third,,Cherbourg,0
623,623,0,3,male,21.0,0,0,7.8542,S,Third,,Southampton,1
624,624,0,3,male,21.0,0,0,16.1,S,Third,,Southampton,1
625,625,0,1,male,61.0,0,0,32.3208,S,First,D,Southampton,1
626,626,0,2,male,57.0,0,0,12.35,Q,Second,,Queenstown,1
627,627,1,1,female,21.0,0,0,77.9583,S,First,D,Southampton,1
628,628,0,3,male,26.0,0,0,7.8958,S,Third,,Southampton,1
629,629,0,3,male,,0,0,7.7333,Q,Third,,Queenstown,1
630,630,1,1,male,80.0,0,0,30.0,S,First,A,Southampton,1
631,631,0,3,male,51.0,0,0,7.0542,S,Third,,Southampton,1
632,632,1,1,male,32.0,0,0,30.5,C,First,B,Cherbourg,1
633,633,0,1,male,,0,0,0.0,S,First,,Southampton,1
634,634,0,3,female,9.0,3,2,27.9,S,Third,,Southampton,0
635,635,1,2,female,28.0,0,0,13.0,S,Second,,Southampton,1
636,636,0,3,male,32.0,0,0,7.925,S,Third,,Southampton,1
637,637,0,2,male,31.0,1,1,26.25,S,Second,,Southampton,0
638,638,0,3,female,41.0,0,5,39.6875,S,Third,,Southampton,0
639,639,0,3,male,,1,0,16.1,S,Third,,Southampton,0
640,640,0,3,male,20.0,0,0,7.8542,S,Third,,Southampton,1
641,641,1,1,female,24.0,0,0,69.3,C,First,B,Cherbourg,1
642,642,0,3,female,2.0,3,2,27.9,S,Third,,Southampton,0
643,643,1,3,male,,0,0,56.4958,S,Third,,Southampton,1
644,644,1,3,female,0.75,2,1,19.2583,C,Third,,Cherbourg,0
645,645,1,1,male,48.0,1,0,76.7292,C,First,D,Cherbourg,0
646,646,0,3,male,19.0,0,0,7.8958,S,Third,,Southampton,1
647,647,1,1,male,56.0,0,0,35.5,C,First,A,Cherbourg,1
648,648,0,3,male,,0,0,7.55,S,Third,,Southampton,1
649,649,1,3,female,23.0,0,0,7.55,S,Third,,Southampton,1
650,650,0,3,male,,0,0,7.8958,S,Third,,Southampton,1
651,651,1,2,female,18.0,0,1,23.0,S,Second,,Southampton,0
652,652,0,3,male,21.0,0,0,8.4333,S,Third,,Southampton,1
653,653,1,3,female,,0,0,7.8292,Q,Third,,Queenstown,1
654,654,0,3,female,18.0,0,0,6.75,Q,Third,,Queenstown,1
655,655,0,2,male,24.0,2,0,73.5,S,Second,,Southampton,0
656,656,0,3,male,,0,0,7.8958,S,Third,,Southampton,1
657,657,0,3,female,32.0,1,1,15.5,Q,Third,,Queenstown,0
658,658,0,2,male,23.0,0,0,13.0,S,Second,,Southampton,1
659,659,0,1,male,58.0,0,2,113.275,C,First,D,Cherbourg,0
660,660,1,1,male,50.0,2,0,133.65,S,First,,Southampton,0
661,661,0,3,male,40.0,0,0,7.225,C,Third,,Cherbourg,1
662,662,0,1,male,47.0,0,0,25.5875,S,First,E,Southampton,1
663,663,0,3,male,36.0,0,0,7.4958,S,Third,,Southampton,1
664,664,1,3,male,20.0,1,0,7.925,S,Third,,Southampton,0
665,665,0,2,male,32.0,2,0,73.5,S,Second,,Southampton,0
666,666,0,2,male,25.0,0,0,13.0,S,Second,,Southampton,1
667,667,0,3,male,,0,0,7.775,S,Third,,Southampton,1
668,668,0,3,male,43.0,0,0,8.05,S,Third,,Southampton,1
669,669,1,1,female,,1,0,52.0,S,First,C,Southampton,0
670,670,1,2,female,40.0,1,1,39.0,S,Second,,Southampton,0
671,671,0,1,male,31.0,1,0,52.0,S,First,B,Southampton,0
672,672,0,2,male,70.0,0,0,10.5,S,Second,,Southampton,1
673,673,1,2,male,31.0,0,0,13.0,S,Second,,Southampton,1
674,674,0,2,male,,0,0,0.0,S,Second,,Southampton,1
675,675,0,3,male,18.0,0,0,7.775,S,Third,,Southampton,1
676,676,0,3,male,24.5,0,0,8.05,S,Third,,Southampton,1
677,677,1,3,female,18.0,0,0,9.8417,S,Third,,Southampton,1
678,678,0,3,female,43.0,1,6,46.9,S,Third,,Southampton,0
679,679,1,1,male,36.0,0,1,512.3292,C,First,B,Cherbourg,0
680,680,0,3,female,,0,0,8.1375,Q,Third,,Queenstown,1
681,681,1,1,male,27.0,0,0,76.7292,C,First,D,Cherbourg,1
682,682,0,3,male,20.0,0,0,9.225,S,Third,,Southampton,1
683,683,0,3,male,14.0,5,2,46.9,S,Third,,Southampton,0
684,684,0,2,male,60.0,1,1,39.0,S,Second,,Southampton,0
685,685,0,2,male,25.0,1,2,41.5792,C,Second,,Cherbourg,0
686,686,0,3,male,14.0,4,1,39.6875,S,Third,,Southampton,0
687,687,0,3,male,19.0,0,0,10.1708,S,Third,,Southampton,1
688,688,0,3,male,18.0,0,0,7.7958,S,Third,,Southampton,1
689,689,1,1,female,15.0,0,1,211.3375,S,First,B,Southampton,0
690,690,1,1,male,31.0,1,0,57.0,S,First,B,Southampton,0
691,691,1,3,female,4.0,0,1,13.4167,C,Third,,Cherbourg,0
692,692,1,3,male,,0,0,56.4958,S,Third,,Southampton,1
693,693,0,3,male,25.0,0,0,7.225,C,Third,,Cherbourg,1
694,694,0,1,male,60.0,0,0,26.55,S,First,,Southampton,1
695,695,0,2,male,52.0,0,0,13.5,S,Second,,Southampton,1
696,696,0,3,male,44.0,0,0,8.05,S,Third,,Southampton,1
697,697,1,3,female,,0,0,7.7333,Q,Third,,Queenstown,1
698,698,0,1,male,49.0,1,1,110.8833,C,First,C,Cherbourg,0
699,699,0,3,male,42.0,0,0,7.65,S,Third,F,Southampton,1
700,700,1,1,female,18.0,1,0,227.525,C,First,C,Cherbourg,0
701,701,1,1,male,35.0,0,0,26.2875,S,First,E,Southampton,1
702,702,0,3,female,18.0,0,1,14.4542,C,Third,,Cherbourg,0
703,703,0,3,male,25.0,0,0,7.7417,Q,Third,,Queenstown,1
704,704,0,3,male,26.0,1,0,7.8542,S,Third,,Southampton,0
705,705,0,2,male,39.0,0,0,26.0,S,Second,,Southampton,1
706,706,1,2,female,45.0,0,0,13.5,S,Second,,Southampton,1
707,707,1,1,male,42.0,0,0,26.2875,S,First,E,Southampton,1
708,708,1,1,female,22.0,0,0,151.55,S,First,,Southampton,1
709,709,1,3,male,,1,1,15.2458,C,Third,,Cherbourg,0
710,710,1,1,female,24.0,0,0,49.5042,C,First,C,Cherbourg,1
711,711,0,1,male,,0,0,26.55,S,First,C,Southampton,1
712,712,1,1,male,48.0,1,0,52.0,S,First,C,Southampton,0
713,713,0,3,male,29.0,0,0,9.4833,S,Third,,Southampton,1
714,714,0,2,male,52.0,0,0,13.0,S,Second,,Southampton,1
715,715,0,3,male,19.0,0,0,7.65,S,Third,F,Southampton,1
716,716,1,1,female,38.0,0,0,227.525,C,First,C,Cherbourg,1
717,717,1,2,female,27.0,0,0,10.5,S,Second,E,Southampton,1
718,718,0,3,male,,0,0,15.5,Q,Third,,Queenstown,1
719,719,0,3,male,33.0,0,0,7.775,S,Third,,Southampton,1
720,720,1,2,female,6.0,0,1,33.0,S,Second,,Southampton,0
721,721,0,3,male,17.0,1,0,7.0542,S,Third,,Southampton,0
722,722,0,2,male,34.0,0,0,13.0,S,Second,,Southampton,1
723,723,0,2,male,50.0,0,0,13.0,S,Second,,Southampton,1
724,724,1,1,male,27.0,1,0,53.1,S,First,E,Southampton,0
725,725,0,3,male,20.0,0,0,8.6625,S,Third,,Southampton,1
726,726,1,2,female,30.0,3,0,21.0,S,Second,,Southampton,0
727,727,1,3,female,,0,0,7.7375,Q,Third,,Queenstown,1
728,728,0,2,male,25.0,1,0,26.0,S,Second,,Southampton,0
729,729,0,3,female,25.0,1,0,7.925,S,Third,,Southampton,0
730,730,1,1,female,29.0,0,0,211.3375,S,First,B,Southampton,1
731,731,0,3,male,11.0,0,0,18.7875,C,Third,,Cherbourg,1
732,732,0,2,male,,0,0,0.0,S,Second,,Southampton,1
733,733,0,2,male,23.0,0,0,13.0,S,Second,,Southampton,1
734,734,0,2,male,23.0,0,0,13.0,S,Second,,Southampton,1
735,735,0,3,male,28.5,0,0,16.1,S,Third,,Southampton,1
736,736,0,3,female,48.0,1,3,34.375,S,Third,,Southampton,0
737,737,1,1,male,35.0,0,0,512.3292,C,First,B,Cherbourg,1
738,738,0,3,male,,0,0,7.8958,S,Third,,Southampton,1
739,739,0,3,male,,0,0,7.8958,S,Third,,Southampton,1
740,740,1,1,male,,0,0,30.0,S,First,D,Southampton,1
741,741,0,1,male,36.0,1,0,78.85,S,First,C,Southampton,0
742,742,1,1,female,21.0,2,2,262.375,C,First,B,Cherbourg,0
743,743,0,3,male,24.0,1,0,16.1,S,Third,,Southampton,0
744,744,1,3,male,31.0,0,0,7.925,S,Third,,Southampton,1
745,745,0,1,male,70.0,1,1,71.0,S,First,B,Southampton,0
746,746,0,3,male,16.0,1,1,20.25,S,Third,,Southampton,0
747,747,1,2,female,30.0,0,0,13.0,S,Second,,Southampton,1
748,748,0,1,male,19.0,1,0,53.1,S,First,D,Southampton,0
749,749,0,3,male,31.0,0,0,7.75,Q,Third,,Queenstown,1
750,750,1,2,female,4.0,1,1,23.0,S,Second,,Southampton,0
751,751,1,3,male,6.0,0,1,12.475,S,Third,E,Southampton,0
752,752,0,3,male,33.0,0,0,9.5,S,Third,,Southampton,1
753,753,0,3,male,23.0,0,0,7.8958,S,Third,,Southampton,1
754,754,1,2,female,48.0,1,2,65.0,S,Second,,Southampton,0
755,755,1,2,male,0.67,1,1,14.5,S,Second,,Southampton,0
756,756,0,3,male,28.0,0,0,7.7958,S,Third,,Southampton,1
757,757,0,2,male,18.0,0,0,11.5,S,Second,,Southampton,1
758,758,0,3,male,34.0,0,0,8.05,S,Third,,Southampton,1
759,759,1,1,female,33.0,0,0,86.5,S,First,B,Southampton,1
760,760,0,3,male,,0,0,14.5,S,Third,,Southampton,1
761,761,0,3,male,41.0,0,0,7.125,S,Third,,Southampton,1
762,762,1,3,male,20.0,0,0,7.2292,C,Third,,Cherbourg,1
763,763,1,1,female,36.0,1,2,120.0,S,First,B,Southampton,0
764,764,0,3,male,16.0,0,0,7.775,S,Third,,Southampton,1
765,765,1,1,female,51.0,1,0,77.9583,S,First,D,Southampton,0
766,766,0,1,male,,0,0,39.6,C,First,,Cherbourg,1
767,767,0,3,female,30.5,0,0,7.75,Q,Third,,Queenstown,1
768,768,0,3,male,,1,0,24.15,Q,Third,,Queenstown,0
769,769,0,3,male,32.0,0,0,8.3625,S,Third,,Southampton,1
770,770,0,3,male,24.0,0,0,9.5,S,Third,,Southampton,1
771,771,0,3,male,48.0,0,0,7.8542,S,Third,,Southampton,1
772,772,0,2,female,57.0,0,0,10.5,S,Second,E,Southampton,1
773,773,0,3,male,,0,0,7.225,C,Third,,Cherbourg,1
774,774,1,2,female,54.0,1,3,23.0,S,Second,,Southampton,0
775,775,0,3,male,18.0,0,0,7.75,S,Third,,Southampton,1
776,776,0,3,male,,0,0,7.75,Q,Third,F,Queenstown,1
777,777,1,3,female,5.0,0,0,12.475,S,Third,,Southampton,1
778,778,0,3,male,,0,0,7.7375,Q,Third,,Queenstown,1
779,779,1,1,female,43.0,0,1,211.3375,S,First,B,Southampton,0
780,780,1,3,female,13.0,0,0,7.2292,C,Third,,Cherbourg,1
781,781,1,1,female,17.0,1,0,57.0,S,First,B,Southampton,0
782,782,0,1,male,29.0,0,0,30.0,S,First,D,Southampton,1
783,783,0,3,male,,1,2,23.45,S,Third,,Southampton,0
784,784,0,3,male,25.0,0,0,7.05,S,Third,,Southampton,1
785,785,0,3,male,25.0,0,0,7.25,S,Third,,Southampton,1
786,786,1,3,female,18.0,0,0,7.4958,S,Third,,Southampton,1
787,787,0,3,male,8.0,4,1,29.125,Q,Third,,Queenstown,0
788,788,1,3,male,1.0,1,2,20.575,S,Third,,Southampton,0
789,789,0,1,male,46.0,0,0,79.2,C,First,B,Cherbourg,1
790,790,0,3,male,,0,0,7.75,Q,Third,,Queenstown,1
791,791,0,2,male,16.0,0,0,26.0,S,Second,,Southampton,1
792,792,0,3,female,,8,2,69.55,S,Third,,Southampton,0
793,793,0,1,male,,0,0,30.6958,C,First,,Cherbourg,1
794,794,0,3,male,25.0,0,0,7.8958,S,Third,,Southampton,1
795,795,0,2,male,39.0,0,0,13.0,S,Second,,Southampton,1
796,796,1,1,female,49.0,0,0,25.9292,S,First,D,Southampton,1
797,797,1,3,female,31.0,0,0,8.6833,S,Third,,Southampton,1
798,798,0,3,male,30.0,0,0,7.2292,C,Third,,Cherbourg,1
799,799,0,3,female,30.0,1,1,24.15,S,Third,,Southampton,0
800,800,0,2,male,34.0,0,0,13.0,S,Second,,Southampton,1
801,801,1,2,female,31.0,1,1,26.25,S,Second,,Southampton,0
802,802,1,1,male,11.0,1,2,120.0,S,First,B,Southampton,0
803,803,1,3,male,0.42,0,1,8.5167,C,Third,,Cherbourg,0
804,804,1,3,male,27.0,0,0,6.975,S,Third,,Southampton,1
805,805,0,3,male,31.0,0,0,7.775,S,Third,,Southampton,1
806,806,0,1,male,39.0,0,0,0.0,S,First,A,Southampton,1
807,807,0,3,female,18.0,0,0,7.775,S,Third,,Southampton,1
808,808,0,2,male,39.0,0,0,13.0,S,Second,,Southampton,1
809,809,1,1,female,33.0,1,0,53.1,S,First,E,Southampton,0
810,810,0,3,male,26.0,0,0,7.8875,S,Third,,Southampton,1
811,811,0,3,male,39.0,0,0,24.15,S,Third,,Southampton,1
812,812,0,2,male,35.0,0,0,10.5,S,Second,,Southampton,1
813,813,0,3,female,6.0,4,2,31.275,S,Third,,Southampton,0
814,814,0,3,male,30.5,0,0,8.05,S,Third,,Southampton,1
815,815,0,1,male,,0,0,0.0,S,First,B,Southampton,1
816,816,0,3,female,23.0,0,0,7.925,S,Third,,Southampton,1
817,817,0,2,male,31.0,1,1,37.0042,C,Second,,Cherbourg,0
818,818,0,3,male,43.0,0,0,6.45,S,Third,,Southampton,1
819,819,0,3,male,10.0,3,2,27.9,S,Third,,Southampton,0
820,820,1,1,female,52.0,1,1,93.5,S,First,B,Southampton,0
821,821,1,3,male,27.0,0,0,8.6625,S,Third,,Southampton,1
822,822,0,1,male,38.0,0,0,0.0,S,First,,Southampton,1
823,823,1,3,female,27.0,0,1,12.475,S,Third,E,Southampton,0
824,824,0,3,male,2.0,4,1,39.6875,S,Third,,Southampton,0
825,825,0,3,male,,0,0,6.95,Q,Third,,Queenstown,1
826,826,0,3,male,,0,0,56.4958,S,Third,,Southampton,1
827,827,1,2,male,1.0,0,2,37.0042,C,Second,,Cherbourg,0
828,828,1,3,male,,0,0,7.75,Q,Third,,Queenstown,1
829,829,1,1,female,62.0,0,0,80.0,,First,B,,1
830,830,1,3,female,15.0,1,0,14.4542,C,Third,,Cherbourg,0
831,831,1,2,male,0.83,1,1,18.75,S,Second,,Southampton,0
832,832,0,3,male,,0,0,7.2292,C,Third,,Cherbourg,1
833,833,0,3,male,23.0,0,0,7.8542,S,Third,,Southampton,1
834,834,0,3,male,18.0,0,0,8.3,S,Third,,Southampton,1
835,835,1,1,female,39.0,1,1,83.1583,C,First,E,Cherbourg,0
836,836,0,3,male,21.0,0,0,8.6625,S,Third,,Southampton,1
837,837,0,3,male,,0,0,8.05,S,Third,,Southampton,1
838,838,1,3,male,32.0,0,0,56.4958,S,Third,,Southampton,1
839,839,1,1,male,,0,0,29.7,C,First,C,Cherbourg,1
840,840,0,3,male,20.0,0,0,7.925,S,Third,,Southampton,1
841,841,0,2,male,16.0,0,0,10.5,S,Second,,Southampton,1
842,842,1,1,female,30.0,0,0,31.0,C,First,,Cherbourg,1
843,843,0,3,male,34.5,0,0,6.4375,C,Third,,Cherbourg,1
844,844,0,3,male,17.0,0,0,8.6625,S,Third,,Southampton,1
845,845,0,3,male,42.0,0,0,7.55,S,Third,,Southampton,1
846,846,0,3,male,,8,2,69.55,S,Third,,Southampton,0
847,847,0,3,male,35.0,0,0,7.8958,C,Third,,Cherbourg,1
848,848,0,2,male,28.0,0,1,33.0,S,Second,,Southampton,0
849,849,1,1,female,,1,0,89.1042,C,First,C,Cherbourg,0
850,850,0,3,male,4.0,4,2,31.275,S,Third,,Southampton,0
851,851,0,3,male,74.0,0,0,7.775,S,Third,,Southampton,1
852,852,0,3,female,9.0,1,1,15.2458,C,Third,,Cherbourg,0
853,853,1,1,female,16.0,0,1,39.4,S,First,D,Southampton,0
854,854,0,2,female,44.0,1,0,26.0,S,Second,,Southampton,0
855,855,1,3,female,18.0,0,1,9.35,S,Third,,Southampton,0
856,856,1,1,female,45.0,1,1,164.8667,S,First,,Southampton,0
857,857,1,1,male,51.0,0,0,26.55,S,First,E,Southampton,1
858,858,1,3,female,24.0,0,3,19.2583,C,Third,,Cherbourg,0
859,859,0,3,male,,0,0,7.2292,C,Third,,Cherbourg,1
860,860,0,3,male,41.0,2,0,14.1083,S,Third,,Southampton,0
861,861,0,2,male,21.0,1,0,11.5,S,Second,,Southampton,0
862,862,1,1,female,48.0,0,0,25.9292,S,First,D,Southampton,1
863,863,0,3,female,,8,2,69.55,S,Third,,Southampton,0
864,864,0,2,male,24.0,0,0,13.0,S,Second,,Southampton,1
865,865,1,2,female,42.0,0,0,13.0,S,Second,,Southampton,1
866,866,1,2,female,27.0,1,0,13.8583,C,Second,,Cherbourg,0
867,867,0,1,male,31.0,0,0,50.4958,S,First,A,Southampton,1
868,868,0,3,male,,0,0,9.5,S,Third,,Southampton,1
869,869,1,3,male,4.0,1,1,11.1333,S,Third,,Southampton,0
870,870,0,3,male,26.0,0,0,7.8958,S,Third,,Southampton,1
871,871,1,1,female,47.0,1,1,52.5542,S,First,D,Southampton,0
872,872,0,1,male,33.0,0,0,5.0,S,First,B,Southampton,1
873,873,0,3,male,47.0,0,0,9.0,S,Third,,Southampton,1
874,874,1,2,female,28.0,1,0,24.0,C,Second,,Cherbourg,0
875,875,1,3,female,15.0,0,0,7.225,C,Third,,Cherbourg,1
876,876,0,3,male,20.0,0,0,9.8458,S,Third,,Southampton,1
877,877,0,3,male,19.0,0,0,7.8958,S,Third,,Southampton,1
878,878,0,3,male,,0,0,7.8958,S,Third,,Southampton,1
879,879,1,1,female,56.0,0,1,83.1583,C,First,C,Cherbourg,0
880,880,1,2,female,25.0,0,1,26.0,S,Second,,Southampton,0
881,881,0,3,male,33.0,0,0,7.8958,S,Third,,Southampton,1
882,882,0,3,female,22.0,0,0,10.5167,S,Third,,Southampton,1
883,883,0,2,male,28.0,0,0,10.5,S,Second,,Southampton,1
884,884,0,3,male,25.0,0,0,7.05,S,Third,,Southampton,1
885,885,0,3,female,39.0,0,5,29.125,Q,Third,,Queenstown,0
886,886,0,2,male,27.0,0,0,13.0,S,Second,,Southampton,1
887,887,1,1,female,19.0,0,0,30.0,S,First,B,Southampton,1
888,888,0,3,female,,1,2,23.45,S,Third,,Southampton,0
889,889,1,1,male,26.0,0,0,30.0,C,First,C,Cherbourg,1
890,890,0,3,male,32.0,0,0,7.75,Q,Third,,Queenstown,1
